{
  "results": [
    {
      "tag": "d512_L8",
      "d": 512,
      "n_layer": 8,
      "mean_saturation": 0.08901515178692837,
      "mean_blocked": 0.004860644209284146,
      "val_loss": 2.5515308380126953,
      "peak_gib": 0.13852834701538086
    },
    {
      "tag": "d1024_L12",
      "d": 1024,
      "n_layer": 12,
      "mean_saturation": 0.09975665013564544,
      "mean_blocked": 0.003985977922865358,
      "val_loss": 2.713529109954834,
      "peak_gib": 0.333768367767334
    },
    {
      "tag": "d2048_L12",
      "d": 2048,
      "n_layer": 12,
      "mean_saturation": 0.09926538598516749,
      "mean_blocked": 0.00428129137070856,
      "val_loss": 3.3177356719970703,
      "peak_gib": 0.8875865936279297
    }
  ]
}