{
 "parts": {
  "A": {
   "fwd_decode_ms": 11.913738933333207,
   "fwd_fp16cache_ms": 8.978337333331865,
   "fwd_int8cache_ms": 9.016718199999712,
   "upd_torch_ms": 7.749404049999953,
   "upd_fused_ms": 0.48986394999985805,
   "layer_step_eager_ms": 11.155544100000725,
   "layer_step_compiled_ms": 8.425871499997584,
   "compile_wall_s": 11.347797893000006,
   "compile_broken": false
  },
  "B": {
   "old": {
    "steps_s": [
     4.0038680229999954,
     4.0317156290000185,
     4.044690271000036
    ],
    "steady_s": 4.0317156290000185,
    "teacher_s": 0.8256065049999961
   },
   "new": {
    "steps_s": [
     3.2044505759999993,
     3.2809535860000096,
     3.285564200999943
    ],
    "steady_s": 3.2809535860000096,
    "teacher_s": 0.0036892530000613988
   },
   "new_plus_old_syncs": {
    "steps_s": [
     3.2741683859999284,
     3.295386334,
     3.3049073530000896
    ],
    "steady_s": 3.295386334,
    "teacher_s": 0.0036220680000269567
   },
   "batch": [
    4,
    512
   ]
  },
  "C": {
   "control_torch_clip1": {
    "ppl_warm": 117066.68650378246,
    "ppl_end": 782.2862540466174,
    "s_per_step": 4.24693990476,
    "fused_calls": 0,
    "diverged": false,
    "loss_first": 13.236797332763672,
    "loss_last": 13.547479629516602
   },
   "fused_clip0_lr008": {
    "ppl_warm": 117066.68650378246,
    "ppl_end": 16722.097065803893,
    "s_per_step": 4.04120888134,
    "fused_calls": 25200,
    "diverged": false,
    "loss_first": 13.236797332763672,
    "loss_last": 21.19430160522461
   },
   "fused_clip0_lr004": {
    "ppl_warm": 117066.68650378246,
    "ppl_end": 16212.453162740358,
    "s_per_step": 4.039187590500002,
    "fused_calls": 25200,
    "diverged": false,
    "loss_first": 13.236797332763672,
    "loss_last": 21.209138870239258
   }
  }
 }
}